K	mean_CV_error	SD_CV_error	n_replicates
10	0.145993	0.000703831577075715	10
11	0.144947	0.00098965819015119	10
12	0.142661	0.000909156507734264	10
13	0.142989	0.00224339747308011	10
14	0.14199	0.00170393661853956	10
15	0.140785	0.00144596180985376	10
16	0.139886	0.0016223727479631	10
17	0.139328	0.00113936434519916	10
18	0.140364	0.00256629521121618	10
19	0.140105	0.0029260069491829	10
20	0.139824	0.0010628807814405	10
21	0.140378	0.00153690742871665	10
22	0.139149	0.00183887918762127	10
23	0.141993	0.00253590242539241	10
24	0.14231	0.00245220535663535	10
25	0.141429	0.00294750534821869	10
