K	mean	sd	minimum	maximum	n
10	0.145993	0.000703831577075715	0.14462	0.14697	10
11	0.144947	0.00098965819015119	0.14369	0.14648	10
12	0.142661	0.000909156507734264	0.14159	0.1443	10
13	0.142989	0.00224339747308011	0.14002	0.14616	10
14	0.14199	0.00170393661853956	0.13992	0.14538	10
15	0.140785	0.00144596180985376	0.13852	0.14329	10
16	0.139886	0.0016223727479631	0.13727	0.14232	10
17	0.139328	0.00113936434519916	0.13752	0.14108	10
18	0.140364	0.00256629521121618	0.13584	0.1437	10
19	0.140105	0.0029260069491829	0.13607	0.14422	10
20	0.139824	0.0010628807814405	0.13788	0.14147	10
21	0.140378	0.00153690742871665	0.13707	0.14281	10
22	0.139149	0.00183887918762127	0.13583	0.14188	10
23	0.141993	0.00253590242539241	0.13993	0.1467	10
24	0.14231	0.00245220535663535	0.13791	0.14543	10
25	0.141429	0.00294750534821869	0.13948	0.14906	10
